Student,Points
Student 1 (Michael),95.62484077390893
Student 2 (Paul),71.5818120100959
Student 3 (Sarah),62.67341642113543
Student 4 (Liz),84.127075803308195
Student 5 (Craig),39.2423423523
